Icon,Name,Species,Gender,Birth,Personality
icons/1ごう.png,1ごう,ネコ,男,08/01,ハキハキ
icons/2ごう.png,2ごう,リス,女,07/02,げんき
icons/3ごう.png,3ごう,ゾウ,男,10/03,ぼんやり
icons/4ごう.png,4ごう,ゴリラ,女,04/14,アネキ
icons/アーサー.png,アーサー,ライオン,男,08/07,ハキハキ
icons/アイーダ.png,アイーダ,カエル,女,10/02,アネキ
icons/アイダホ.png,アイダホ,コグマ,男,09/28,ハキハキ
icons/アイリス.png,アイリス,リス,女,08/30,アネキ
icons/アグネス.png,アグネス,ブタ,女,04/21,アネキ
icons/アザラク.png,アザラク,カンガルー,女,11/12,オトナ
icons/アセクサ.png,アセクサ,ネコ,男,08/17,ハキハキ
icons/アセロラ.png,アセロラ,コグマ,女,03/17,げんき
icons/アップリケ.png,アップリケ,カンガルー,女,10/11,ふつう
icons/アップル.png,アップル,ハムスター,女,09/24,げんき
icons/アデレード.png,アデレード,コアラ,女,04/12,ふつう
icons/アネッサ.png,アネッサ,コグマ,女,06/23,アネキ
icons/アポロ.png,アポロ,ワシ,男,07/04,コワイ
icons/アマミン.png,アマミン,ウサギ,男,08/10,ぼんやり
icons/アラン.png,アラン,ゴリラ,男,09/06,コワイ
icons/アリア.png,アリア,ニワトリ,女,12/09,オトナ
icons/アリゲッティ.png,アリゲッティ,ワニ,女,05/17,ふつう
icons/アルベルト.png,アルベルト,ワニ,男,06/09,ぼんやり
icons/あるみ.png,あるみ,アリクイ,女,02/16,げんき
icons/あんこ.png,あんこ,カバ,女,04/25,ふつう
icons/アンソニー.png,アンソニー,ウマ,男,05/22,キザ
icons/アンチョビ.png,アンチョビ,トリ,男,03/04,ぼんやり
icons/アンデス.png,アンデス,ワシ,女,11/19,オトナ
icons/アントニオ.png,アントニオ,アリクイ,男,05/19,キザ
icons/アンヌ.png,アンヌ,アヒル,女,04/08,オトナ
icons/イザベラ.png,イザベラ,ネズミ,女,12/28,げんき
icons/イノッチ.png,イノッチ,ブタ,男,04/26,ハキハキ
icons/ヴァヤシコフ.png,ヴァヤシコフ,ウマ,男,04/04,ハキハキ
icons/ウェンディ.png,ウェンディ,ヒツジ,女,07/16,アネキ
icons/うずまき.png,うずまき,トリ,女,03/12,ふつう
icons/ウズメ.png,ウズメ,ゴリラ,女,09/01,オトナ
icons/エイプリル.png,エイプリル,サル,女,04/02,げんき
icons/エスメラルダ.png,エスメラルダ,カエル,女,10/27,ふつう
icons/エックスエル.png,エックスエル,ゾウ,男,03/23,ハキハキ
icons/エテキチ.png,エテキチ,サル,男,01/19,ぼんやり
icons/エレフィン.png,エレフィン,ゾウ,女,12/08,オトナ
icons/オーロラ.png,オーロラ,ペンギン,女,01/27,ふつう
icons/オカッピ.png,オカッピ,ウマ,男,01/10,ぼんやり
icons/おくたろう.png,おくたろう,タコ,男,09/20,コワイ
icons/おさい.png,おさい,サイ,女,05/28,アネキ
icons/オズモンド.png,オズモンド,コアラ,男,10/12,ハキハキ
icons/オパール.png,オパール,ゾウ,女,01/20,オトナ
icons/オリバー.png,オリバー,カバ,男,01/07,コワイ
icons/オリビア.png,オリビア,ネコ,女,02/03,オトナ
icons/カール.png,カール,カエル,男,07/21,ぼんやり
icons/カサンドラ.png,カサンドラ,ニワトリ,女,10/24,オトナ
icons/カジロウ.png,カジロウ,リス,男,09/14,コワイ
icons/ガチャ.png,ガチャ,カエル,男,02/13,ハキハキ
icons/ガビ.png,ガビ,コグマ,男,08/02,コワイ
icons/かぶきち.png,かぶきち,ネコ,男,11/29,コワイ
icons/ガブリエル.png,ガブリエル,カバ,男,03/29,ハキハキ
icons/カモミ.png,カモミ,アヒル,女,03/07,ふつう
icons/ガリガリ.png,ガリガリ,リス,女,07/19,げんき
icons/カルピ.png,カルピ,メウシ,女,05/10,げんき
icons/カルロス.png,カルロス,ヒツジ,男,05/08,キザ
icons/ガンテツ.png,ガンテツ,クマ,男,07/01,コワイ
icons/カンロク.png,カンロク,カンガルー,男,04/24,コワイ
icons/キザノホマレ.png,キザノホマレ,ウマ,男,09/16,キザ
icons/キッズ.png,キッズ,カンガルー,女,09/08,オトナ
icons/キャビア.png,キャビア,ネコ,女,10/08,ふつう
icons/キャラメル.png,キャラメル,イヌ,女,12/27,ふつう
icons/キャロライン.png,キャロライン,リス,女,07/15,ふつう
icons/キャンベラ.png,キャンベラ,コアラ,女,05/14,アネキ
icons/キンカク.png,キンカク,ニワトリ,男,11/23,コワイ
icons/ギンカク.png,ギンカク,ワシ,男,12/11,ハキハキ
icons/キング.png,キング,ライオン,男,07/23,コワイ
icons/きんぞう.png,きんぞう,コグマ,男,06/11,ぼんやり
icons/クスケチャ.png,クスケチャ,ワシ,男,02/22,コワイ
icons/クッチャネ.png,クッチャネ,ブタ,男,12/30,ぼんやり
icons/クマロス.png,クマロス,クマ,男,03/31,キザ
icons/グミ.png,グミ,リス,女,08/05,ふつう
icons/グラさん.png,グラさん,ライオン,男,08/08,ハキハキ
icons/グラハム.png,グラハム,ハムスター,男,06/20,キザ
icons/クリス.png,クリス,リス,男,02/26,ハキハキ
icons/クリスチーヌ.png,クリスチーヌ,ウサギ,女,08/28,げんき
icons/くるぶし.png,くるぶし,サイ,男,05/06,ハキハキ
icons/グルミン.png,グルミン,コグマ,女,06/24,げんき
icons/グレオ.png,グレオ,ブタ,男,04/07,コワイ
icons/クロー.png,クロー,クマ,男,10/23,コワイ
icons/クロコ.png,クロコ,ワニ,女,11/08,オトナ
icons/クロベエ.png,クロベエ,ニワトリ,男,12/23,キザ
icons/クワトロ.png,クワトロ,カエル,男,07/08,ぼんやり
icons/ケイン.png,ケイン,ダチョウ,男,11/27,キザ
icons/ゲンジ.png,ゲンジ,ウサギ,男,01/21,ハキハキ
icons/ケンタ.png,ケンタ,ニワトリ,男,10/04,ハキハキ
icons/コージィ.png,コージィ,カエル,男,02/08,ハキハキ
icons/ゴメス.png,ゴメス,トラ,男,08/26,ハキハキ
icons/コユキ.png,コユキ,トラ,女,12/13,げんき
icons/ゴンザレス.png,ゴンザレス,カバ,男,08/18,コワイ
icons/さくらじま.png,さくらじま,アリクイ,男,03/09,コワイ
icons/さすけ.png,さすけ,サル,男,11/21,ハキハキ
icons/さっち.png,さっち,ネコ,女,06/29,げんき
icons/サバンナ.png,サバンナ,ウマ,女,01/25,ふつう
icons/サブリナ.png,サブリナ,ペンギン,女,10/16,オトナ
icons/サブレ.png,サブレ,ウマ,男,10/05,ぼんやり
icons/サム.png,サム,カエル,男,08/21,コワイ
icons/サラ.png,サラ,ネズミ,女,07/07,オトナ
icons/サリー.png,サリー,ゾウ,女,01/28,ふつう
icons/サルモンティ.png,サルモンティ,サル,男,12/07,コワイ
icons/サントス.png,サントス,ウサギ,男,07/24,キザ
icons/ジーニョ.png,ジーニョ,トリ,男,02/02,ハキハキ
icons/ジェーン.png,ジェーン,ネコ,女,09/30,オトナ
icons/ジェシカ.png,ジェシカ,シカ,女,09/19,アネキ
icons/シェリー.png,シェリー,サル,女,04/10,アネキ
icons/シドニー.png,シドニー,コアラ,女,06/21,ふつう
icons/しのぶ.png,しのぶ,ダチョウ,女,12/21,オトナ
icons/シベリア.png,シベリア,オオカミ,男,12/18,コワイ
icons/ジミー.png,ジミー,ハムスター,男,11/10,キザ
icons/しもやけ.png,しもやけ,ニワトリ,男,10/14,ぼんやり
icons/ジャスミン.png,ジャスミン,コグマ,女,05/18,ふつう
icons/ジャン.png,ジャン,ネズミ,男,08/14,ハキハキ
icons/シャンティ.png,シャンティ,ハムスター,女,08/09,オトナ
icons/シュバルツ.png,シュバルツ,ウマ,男,06/16,コワイ
icons/ジュペッティ.png,ジュペッティ,ヒツジ,男,04/19,キザ
icons/ジュリー.png,ジュリー,ウマ,男,03/15,キザ
icons/ジュン.png,ジュン,リス,男,09/29,キザ
icons/ショーイ.png,ショーイ,ペンギン,男,02/07,ぼんやり
icons/ショコラ.png,ショコラ,ネコ,女,02/15,オトナ
icons/ジョッキー.png,ジョッキー,トリ,男,06/22,キザ
icons/ジョン.png,ジョン,イヌ,男,11/01,コワイ
icons/シルエット.png,シルエット,リス,女,07/03,オトナ
icons/シルビア.png,シルビア,カンガルー,女,05/03,アネキ
icons/シルブプレ.png,シルブプレ,ウマ,女,12/02,オトナ
icons/ジンペイ.png,ジンペイ,ネコ,男,01/12,ぼんやり
icons/スナイル.png,スナイル,ゴリラ,男,12/05,キザ
icons/スパーク.png,スパーク,リス,男,07/09,コワイ
icons/スミ.png,スミ,ヤギ,女,08/24,ふつう
icons/スミモモ.png,スミモモ,アヒル,女,11/17,オトナ
icons/スワンソン.png,スワンソン,アヒル,女,08/12,オトナ
icons/セバスチャン.png,セバスチャン,ワシ,男,01/08,ハキハキ
icons/セルバンテス.png,セルバンテス,オウシ,男,04/30,コワイ
icons/セントアロー.png,セントアロー,ウマ,女,07/11,げんき
icons/タイシ.png,タイシ,カエル,男,07/18,コワイ
icons/たいへいた.png,たいへいた,クマ,男,09/26,ハキハキ
icons/タキュ.png,タキュ,ダチョウ,女,11/13,オトナ
icons/タケル.png,タケル,シカ,男,11/07,ハキハキ
icons/タコヤ.png,タコヤ,タコ,男,03/08,ぼんやり
icons/タコリーナ.png,タコリーナ,タコ,女,06/26,ふつう
icons/タツオ.png,タツオ,ワニ,男,02/12,ぼんやり
icons/タックン.png,タックン,アヒル,男,12/22,キザ
icons/たま.png,たま,ネコ,女,05/29,オトナ
icons/ためこ.png,ためこ,ブタ,女,03/05,ふつう
icons/たもつ.png,たもつ,ゴリラ,男,10/18,ぼんやり
icons/ダルマン.png,ダルマン,ペンギン,男,04/06,コワイ
icons/タンタン.png,タンタン,クマ,女,09/09,げんき
icons/ダンベル.png,ダンベル,ゴリラ,男,09/11,コワイ
icons/チーズ.png,チーズ,ネズミ,男,12/15,キザ
icons/チーフ.png,チーフ,オオカミ,男,12/19,コワイ
icons/ちえり.png,ちえり,ブタ,女,05/23,げんき
icons/チッチ.png,チッチ,サル,女,08/23,ふつう
icons/ちとせ.png,ちとせ,ダチョウ,女,01/15,ふつう
icons/チャーミー.png,チャーミー,クマ,女,04/17,アネキ
icons/チャウヤン.png,チャウヤン,クマ,男,07/22,コワイ
icons/チャコ.png,チャコ,カバ,女,09/18,げんき
icons/チャス.png,チャス,ネコ,男,12/20,ハキハキ
icons/チャック.png,チャック,シカ,男,07/27,ぼんやり
icons/チャンプ.png,チャンプ,イヌ,男,11/11,ハキハキ
icons/チューこ.png,チューこ,ネズミ,女,02/05,げんき
icons/ちゅんのすけ.png,ちゅんのすけ,トリ,男,11/20,ハキハキ
icons/ちょい.png,ちょい,ネコ,女,04/27,アネキ
icons/チョキ.png,チョキ,カエル,女,01/13,げんき
icons/チョコ.png,チョコ,ウサギ,女,01/06,げんき
icons/チョモラン.png,チョモラン,トラ,男,08/22,コワイ
icons/ちょろきち.png,ちょろきち,ネズミ,男,01/17,コワイ
icons/つかさ.png,つかさ,ヒツジ,女,10/21,オトナ
icons/ツバクロ.png,ツバクロ,トリ,男,07/17,ハキハキ
icons/ツンドラ.png,ツンドラ,オオカミ,女,12/14,オトナ
icons/ティーナ.png,ティーナ,ゾウ,女,11/18,ふつう
icons/ディビッド.png,ディビッド,カバ,男,10/15,キザ
icons/ティファニー.png,ティファニー,ワシ,女,03/25,ふつう
icons/デースケ.png,デースケ,ウマ,男,05/01,ぼんやり
icons/テッチャン.png,テッチャン,オウシ,男,04/29,ハキハキ
icons/デリー.png,デリー,サル,男,05/24,ぼんやり
icons/トキオ.png,トキオ,ダチョウ,男,09/23,ぼんやり
icons/ドク.png,ドク,カエル,男,10/09,ハキハキ
icons/どぐろう.png,どぐろう,ハムスター,男,10/19,ぼんやり
icons/ドサコ.png,ドサコ,ウマ,女,11/28,ふつう
icons/トビオ.png,トビオ,ウサギ,男,03/16,ぼんやり
icons/トミ.png,トミ,イヌ,男,08/04,ぼんやり
icons/ドミグラ.png,ドミグラ,ニワトリ,女,04/28,ふつう
icons/トムソン.png,トムソン,シカ,男,08/20,キザ
icons/とめ.png,とめ,ネズミ,女,02/18,ふつう
icons/トラこ.png,トラこ,ネコ,女,08/13,げんき
icons/ドレミ.png,ドレミ,シカ,女,03/26,ふつう
icons/トロワ.png,トロワ,ヒツジ,女,03/28,オトナ
icons/ドングリ.png,ドングリ,コアラ,男,05/07,ぼんやり
icons/トンコ.png,トンコ,ブタ,女,07/28,げんき
icons/トンファン.png,トンファン,ブタ,男,10/13,キザ
icons/ナイル.png,ナイル,ネコ,女,09/22,オトナ
icons/ナタリー.png,ナタリー,シカ,女,01/04,オトナ
icons/ナッキー.png,ナッキー,アヒル,女,02/23,げんき
icons/ナディア.png,ナディア,シカ,女,05/04,アネキ
icons/ニコバン.png,ニコバン,ネコ,男,01/01,ぼんやり
icons/ニッシー.png,ニッシー,コグマ,男,03/02,ぼんやり
icons/ネルソン.png,ネルソン,シカ,男,06/07,キザ
icons/のりっぺ.png,のりっぺ,アヒル,女,02/11,げんき
icons/のりまき.png,のりまき,ペンギン,男,11/02,ハキハキ
icons/ノルマン.png,ノルマン,オウシ,男,12/29,コワイ
icons/パーチク.png,パーチク,トリ,女,12/04,オトナ
icons/バーバラ.png,バーバラ,ヤギ,女,12/26,アネキ
icons/ハイド.png,ハイド,ワニ,男,11/15,ハキハキ
icons/ハカセ.png,ハカセ,ブタ,男,10/07,ハキハキ
icons/はじめ.png,はじめ,ゾウ,男,09/07,ぼんやり
icons/バズレー.png,バズレー,ウサギ,女,01/09,オトナ
icons/パセリ.png,パセリ,リス,女,09/04,ふつう
icons/ハチ.png,ハチ,イヌ,男,08/03,ぼんやり
icons/バッカス.png,バッカス,クマ,男,08/16,ぼんやり
icons/パッチ.png,パッチ,コグマ,男,02/10,ぼんやり
icons/パティ.png,パティ,サイ,女,03/19,ふつう
icons/パトラ.png,パトラ,アリクイ,女,11/09,げんき
icons/ハナコ.png,ハナコ,メウシ,女,02/28,オトナ
icons/バニラ.png,バニラ,イヌ,女,11/16,ふつう
icons/ハムカツ.png,ハムカツ,ブタ,男,07/26,ハキハキ
icons/ハムジ.png,ハムジ,ハムスター,男,02/25,コワイ
icons/ハムスケ.png,ハムスケ,ハムスター,男,05/30,ハキハキ
icons/ハルク.png,ハルク,ワシ,男,07/30,コワイ
icons/ハルマキ.png,ハルマキ,カエル,男,12/17,ハキハキ
icons/パンタ.png,パンタ,コグマ,男,08/06,ぼんやり
icons/バンタム.png,バンタム,ネコ,男,12/10,コワイ
icons/ハンナ.png,ハンナ,イヌ,女,05/11,アネキ
icons/ビアンカ.png,ビアンカ,オオカミ,女,09/17,オトナ
icons/ピース.png,ピース,ネズミ,男,07/05,ハキハキ
icons/ピータン.png,ピータン,アヒル,男,02/01,ハキハキ
icons/ピーチク.png,ピーチク,トリ,女,07/13,げんき
icons/ビス.png,ビス,ペンギン,男,01/29,ぼんやり
icons/ピティエ.png,ピティエ,ヤギ,女,01/14,オトナ
icons/ヒノコ.png,ヒノコ,ダチョウ,女,04/22,アネキ
icons/ヒャクパー.png,ヒャクパー,ネコ,女,06/17,げんき
icons/ヒュージ.png,ヒュージ,ゾウ,男,07/14,ぼんやり
icons/ヒョウタ.png,ヒョウタ,トラ,男,05/15,ハキハキ
icons/ビリー.png,ビリー,ヤギ,男,08/29,コワイ
icons/ピン.png,ピン,ネズミ,男,09/13,ハキハキ
icons/ビンタ.png,ビンタ,ネコ,男,04/11,ぼんやり
icons/ブーケ.png,ブーケ,ネコ,女,02/27,げんき
icons/フォアグラ.png,フォアグラ,アヒル,男,06/25,ぼんやり
icons/ふくこ.png,ふくこ,ネズミ,女,09/05,オトナ
icons/ふみたろう.png,ふみたろう,トリ,男,07/25,ハキハキ
icons/フラッペ.png,フラッペ,ペンギン,女,02/20,げんき
icons/フララ.png,フララ,ダチョウ,女,02/09,げんき
icons/フランク.png,フランク,ワシ,男,06/01,キザ
icons/フランソワ.png,フランソワ,ウサギ,女,01/22,オトナ
icons/ブリトニー.png,ブリトニー,ブタ,女,11/14,オトナ
icons/フリル.png,フリル,ヒツジ,女,02/14,アネキ
icons/ブルース.png,ブルース,シカ,男,05/26,コワイ
icons/フルメタル.png,フルメタル,カエル,男,06/05,コワイ
icons/ブレンダ.png,ブレンダ,イヌ,女,10/25,オトナ
icons/ブロッコリー.png,ブロッコリー,ネズミ,男,06/30,ぼんやり
icons/ブンジロウ.png,ブンジロウ,オオカミ,男,11/05,コワイ
icons/ベアード.png,ベアード,クマ,男,09/27,キザ
icons/ペーター.png,ペーター,シカ,男,04/05,ぼんやり
icons/ぺしみち.png,ぺしみち,ニワトリ,男,10/10,ぼんやり
icons/ペチカ.png,ペチカ,ウサギ,女,12/16,げんき
icons/ペリーヌ.png,ペリーヌ,イヌ,女,06/18,げんき
icons/ベン.png,ベン,イヌ,男,06/10,ぼんやり
icons/ペンタ.png,ペンタ,ペンギン,男,01/05,ハキハキ
icons/ヘンリー.png,ヘンリー,カエル,男,09/21,キザ
icons/ポーク.png,ポーク,ブタ,男,09/03,ぼんやり
icons/ポーラ.png,ポーラ,ペンギン,女,01/23,オトナ
icons/ホッケー.png,ホッケー,ペンギン,男,02/21,ぼんやり
icons/ボブ.png,ボブ,イヌ,男,11/24,キザ
icons/ボルシチ.png,ボルシチ,オウシ,男,05/20,コワイ
icons/ボルト.png,ボルト,ペンギン,男,10/06,キザ
icons/ボン.png,ボン,アヒル,男,05/25,ぼんやり
icons/ポンチョ.png,ポンチョ,コグマ,男,01/02,ハキハキ
icons/マーサ.png,マーサ,ウサギ,女,03/14,げんき
icons/マール.png,マール,ネコ,女,09/25,ふつう
icons/マイク.png,マイク,カンガルー,男,12/01,コワイ
icons/まきば.png,まきば,メウシ,女,08/25,オトナ
icons/マキバスター.png,マキバスター,ウマ,女,01/31,げんき
icons/マグロ.png,マグロ,アヒル,女,02/19,げんき
icons/マコト.png,マコト,アリクイ,男,10/20,ハキハキ
icons/マスカラス.png,マスカラス,トリ,男,12/12,キザ
icons/マミィ.png,マミィ,カンガルー,女,12/05,ふつう
icons/マモル.png,マモル,アヒル,男,06/13,ハキハキ
icons/マリア.png,マリア,カンガルー,女,05/31,ふつう
icons/マリー.png,マリー,ヒツジ,女,11/26,オトナ
icons/まりも.png,まりも,アヒル,女,06/27,ふつう
icons/マリリン.png,マリリン,トラ,女,11/22,オトナ
icons/マルコ.png,マルコ,ネズミ,女,06/12,ふつう
icons/まんたろう.png,まんたろう,ゴリラ,男,09/12,ハキハキ
icons/みかっち.png,みかっち,ネコ,女,03/30,げんき
icons/みぞれ.png,みぞれ,ヒツジ,女,08/15,げんき
icons/ミミィ.png,ミミィ,ウサギ,女,03/03,げんき
icons/みやび.png,みやび,アリクイ,女,02/06,ふつう
icons/ミラコ.png,ミラコ,ウサギ,女,07/06,アネキ
icons/ミランダ.png,ミランダ,アヒル,女,04/23,オトナ
icons/ミント.png,ミント,リス,女,05/02,オトナ
icons/ムー.png,ムー,クマ,男,07/31,コワイ
icons/メープル.png,メープル,コグマ,女,06/15,ふつう
icons/メリヤス.png,メリヤス,ヒツジ,女,04/16,ふつう
icons/メルボルン.png,メルボルン,コアラ,女,08/19,ふつう
icons/モサキチ.png,モサキチ,ウサギ,男,10/28,コワイ
icons/モヘア.png,モヘア,ヒツジ,女,04/03,ふつう
icons/ももこ.png,ももこ,リス,女,06/08,げんき
icons/モモチ.png,モモチ,ウサギ,男,11/03,ハキハキ
icons/モンこ.png,モンこ,サル,女,03/21,オトナ
icons/もんじゃ.png,もんじゃ,イヌ,男,12/31,ぼんやり
icons/やさお.png,やさお,ヤギ,男,06/28,キザ
icons/ヤマト.png,ヤマト,ワニ,男,05/27,コワイ
icons/やよい.png,やよい,ウサギ,女,03/01,ふつう
icons/ユーカリ.png,ユーカリ,コアラ,女,07/20,オトナ
icons/ユキ.png,ユキ,ヤギ,女,03/06,ふつう
icons/ゆきみ.png,ゆきみ,ハムスター,女,01/30,ふつう
icons/ユメコ.png,ユメコ,サイ,女,01/24,ふつう
icons/ライオネル.png,ライオネル,ライオン,男,07/29,キザ
icons/ラザニア.png,ラザニア,ネズミ,女,02/24,げんき
icons/ラッキー.png,ラッキー,イヌ,男,11/04,ぼんやり
icons/らっきょ.png,らっきょ,ネズミ,男,10/17,コワイ
icons/ラムネ.png,ラムネ,ネコ,女,03/27,ふつう
icons/ララミー.png,ララミー,リス,女,06/19,ふつう
icons/リカルド.png,リカルド,オオカミ,男,12/06,キザ
icons/リチャード.png,リチャード,アヒル,男,01/03,ぼんやり
icons/リッキー.png,リッキー,リス,男,06/03,ぼんやり
icons/リック.png,リック,ライオン,男,07/10,ハキハキ
icons/リリアン.png,リリアン,ウサギ,女,05/09,げんき
icons/リリィ.png,リリィ,オオカミ,女,03/24,ふつう
icons/リンダ.png,リンダ,カエル,女,08/11,オトナ
icons/ルーシー.png,ルーシー,ブタ,女,06/02,ふつう
icons/ルーズ.png,ルーズ,トラ,女,08/27,げんき
icons/ルナ.png,ルナ,ウサギ,女,12/25,げんき
icons/レイチェル.png,レイチェル,クマ,女,03/22,アネキ
icons/レイニー.png,レイニー,カエル,女,02/04,ふつう
icons/レイラ.png,レイラ,ペンギン,女,09/02,アネキ
icons/レベッカ.png,レベッカ,リス,女,09/10,オトナ
icons/れんにゅう.png,れんにゅう,クマ,女,09/15,げんき
icons/ロッキー.png,ロッキー,コアラ,男,10/26,キザ
icons/ロッタ.png,ロッタ,ウサギ,女,06/14,げんき
icons/ロデオ.png,ロデオ,オウシ,男,10/29,ぼんやり
icons/ロビン.png,ロビン,イヌ,男,05/13,ぼんやり
icons/ロボ.png,ロボ,オオカミ,男,11/25,コワイ
icons/マッスル.png,マッスル,ゴリラ,男,03/26,ハキハキ
icons/アチョット.png,アチョット,アヒル,男,06/30,ぼんやり
icons/ケチャップ.png,ケチャップ,アヒル,女,07/27,げんき
icons/こまち.png,こまち,アリクイ,女,10/24,オトナ
icons/ベーグル.png,ベーグル,イヌ,女,10/15,ふつう
icons/マロン.png,マロン,イヌ,女,01/11,げんき
icons/ビネガー.png,ビネガー,ウサギ,男,12/03,ぼんやり
icons/プースケ.png,プースケ,ウサギ,男,03/11,ぼんやり
icons/アイソトープ.png,アイソトープ,ウマ,女,02/09,オトナ
icons/モーリス.png,モーリス,オウシ,男,04/20,ぼんやり
icons/けん.png,けん,オオカミ,男,02/17,コワイ
icons/ヴァネッサ.png,ヴァネッサ,オオカミ,女,01/26,オトナ
icons/カックン.png,カックン,カエル,男,06/06,ぼんやり
icons/ストロー.png,ストロー,カエル,男,07/09,キザ
icons/タンボ.png,タンボ,カエル,男,08/03,ハキハキ
icons/エーミー.png,エーミー,カバ,女,10/06,オトナ
icons/ダイク.png,ダイク,クマ,男,05/16,コワイ
icons/ネーヤ.png,ネーヤ,クマ,女,01/16,アネキ
icons/ゴンゾー.png,ゴンゾー,コアラ,男,10/13,コワイ
icons/のりお.png,のりお,コグマ,男,12/29,コワイ
icons/ピッコロ.png,ピッコロ,コグマ,女,07/12,ふつう
icons/メイ.png,メイ,コグマ,女,05/21,ふつう
icons/ボイド.png,ボイド,ゴリラ,男,10/01,コワイ
icons/スクワット.png,スクワット,サイ,男,06/17,コワイ
icons/みつお.png,みつお,サイ,男,03/20,ぼんやり
icons/エクレア.png,エクレア,ゾウ,女,05/12,ふつう
icons/パオロ.png,パオロ,ゾウ,男,05/05,ぼんやり
icons/ジュリア.png,ジュリア,ダチョウ,女,07/31,オトナ
icons/ヘルツ.png,ヘルツ,ダチョウ,男,12/01,ハキハキ
icons/ラン.png,ラン,ダチョウ,女,10/21,ふつう
icons/ハリマオ.png,ハリマオ,トラ,男,08/19,ハキハキ
icons/イッテツ.png,イッテツ,トリ,男,01/27,コワイ
icons/ジャコテン.png,ジャコテン,トリ,男,08/24,ぼんやり
icons/レイコ.png,レイコ,トリ,女,04/18,げんき
icons/パタヤ.png,パタヤ,ニワトリ,女,10/12,アネキ
icons/かんゆ.png,かんゆ,ネズミ,女,04/13,げんき
icons/アクリル.png,アクリル,ヒツジ,女,04/09,ふつう
icons/ラムール.png,ラムール,ヒツジ,女,04/02,オトナ
icons/ダリー.png,ダリー,ブタ,男,11/06,コワイ
icons/マーガレット.png,マーガレット,ブタ,女,09/03,ふつう
icons/カマボコ.png,カマボコ,ペンギン,男,10/30,ぼんやり
icons/いさこ.png,いさこ,メウシ,女,09/20,ふつう
icons/アーシンド.png,アーシンド,ヤギ,男,03/25,ハキハキ
icons/サンデー.png,サンデー,ライオン,男,07/24,ぼんやり
icons/ティーチャー.png,ティーチャー,ライオン,男,08/14,キザ
icons/ナターシャ.png,ナターシャ,リス,女,11/30,オトナ
icons/もんぺ.png,もんぺ,リス,女,10/22,ふつう
icons/ひでよし.png,ひでよし,ワシ,男,12/07,コワイ
icons/ホウサク.png,ホウサク,ワニ,男,08/07,ハキハキ
icons/リアーナ.png,リアーナ,ウマ,女,06/04,アネキ
icons/モニカ.png,モニカ,オオカミ,女,08/31,げんき
icons/キャンディ.png,キャンディ,クマ,女,03/13,ふつう
icons/みすず.png,みすず,コグマ,女,03/10,オトナ
icons/パンクス.png,パンクス,ゾウ,男,06/09,コワイ
icons/ジャック.png,ジャック,ネコ,男,10/01,キザ
icons/ちゃちゃまる.png,ちゃちゃまる,ヒツジ,男,03/18,ハキハキ
